Andres Suarez <zertosh@gmail.com>
Ben Alpert <spicyjalapeno@gmail.com> <ben@benalpert.com>
Ben Newman <bn@cs.stanford.edu> <benjamn@fb.com>
Bill Fisher <fisherwebdev@gmail.com>
Cheng Lou <chenglou92@gmail.com> <chenglou@fb.com>
Christoph Pojer <christoph.pojer@gmail.com>
Christoph Pojer <christoph.pojer@gmail.com> <cpojer@fb.com>
Connor McSheffrey <c@conr.me> <connor.mcsheffrey@gmail.com>
Dan Schafer <dschafer@fb.com>
Daniel Gasienica <daniel@gasienica.ch> <daniel@fiftythree.com>
Daniel Gasienica <daniel@gasienica.ch> <dgasienica@zynga.com>
Daniel Lo Nigro <daniel@dan.cx> <danlo@fb.com>
Evan Coonrod <evan@paloalto.com>
Fabio M. Costa <fabiomcosta@gmail.com> <fabs@fb.com>
Felix Kling <felix.kling@gmx.net> <fkling@fb.com>
François-Xavier Bois <fxbois@gmail.com>
Geert Pasteels <geert.pasteels@gmail.com>
George A Sisco III <george.sisco@gmail.com>
Harry Hull <harry.hull1@gmail.com>
Hendrik Swanepoel <hendrik.swanepoel@gmail.com>
Ingvar Stepanyan <me@rreverser.com> <rreverser@ubuntu.rreverser.a4.internal.cloudapp.net>
Irae Carvalho <irae@irae.pro.br>
Ivan Vergiliev <ivan.vergiliev@gmail.com>
Jaime Mingo <j.mingov@3boll.com>
James Brantly <james@jbrantly.com>
Jan Hancic <jan.hancic@gmail.com> <jan.hancic@caplin.com>
Jan Kassens <jan@kassens.net> <jkassens@fb.com>
Jason Bonta <jbonta@gmail.com> <jasonbonta@fb.com>
Jason Trill <jason@jasontrill.com>
Jeff Morrison <jeff@anafx.com> <Jeff@anafx.com>
Jeff Morrison <jeff@anafx.com> <jeffmo@fb.com>
Jeffrey Lin <lin.jeffrey@gmail.com> <jeffreylin@fb.com>
Jonathan Hsu <jhiswin@gmail.com>
Jordan Walke <jordojw@gmail.com>
Jordan Walke <jordojw@gmail.com> <jordanjcw@fb.com>
Josh Duck <josh@fb.com> <github@joshduck.com>
Jun Wu <quark@lihdd.net>
Keito Uchiyama <projects@keito.me> <keito@fb.com>
Kunal Mehta <k.mehta@berkeley.edu> <kunalm@fb.com>
Laurence Rowe <l@lrowe.co.uk> <laurence@lrowe.co.uk>
Martin Andert <mandert@gmail.com>
Mathieu M-Gosselin <mathieumg@gmail.com> <mathieumg@atx33.com>
Michal Srb <xixixao@seznam.cz> xixixao <xixixao@seznam.cz>
Nick Gavalas <njg57@cornell.edu>
Nick Thompson <ncthom91@gmail.com> <nickt@instagram.com>
Paul O’Shannessy <paul@oshannessy.com> <poshannessy@fb.com>
Paul Shen <paul@mnml0.com> <paulshen@fb.com>
Pete Hunt <floydophone@gmail.com>
Pete Hunt <floydophone@gmail.com> <pete.hunt@fb.com>
Pete Hunt <floydophone@gmail.com> <pete@instagram.com>
Pete Hunt <floydophone@gmail.com> <phunt@instagram.com>
Petri Lievonen <plievone@cc.hut.fi>
Petri Lievonen <plievone@cc.hut.fi> <petri.lievonen@tkk.fi>
Pieter Vanderwerff <me@pieter.io> <pieter@heyday.co.nz>
Ray <ray@tomo.im>
Richard Feldman <richard.t.feldman@gmail.com> <richard@noredink.com>
Richard Livesey <Livesey7@hotmail.co.uk>
Rob Arnold <robarnold@cs.cmu.edu>
Sander Spies <sandermail@gmail.com>
Sebastian Markbåge <sebastian@calyptus.eu> <sema@fb.com>
Stoyan Stefanov <ssttoo@ymail.com>
Thomas Aylott <oblivious@subtlegradient.com> <aylott@fb.com>
Timothy Yung <yungsters@gmail.com> <yungsters@fb.com>
Vjeux <vjeuxx@gmail.com>
Vjeux <vjeuxx@gmail.com> <vjeux@fb.com>
Volkan Unsal <spocksplanet@gmail.com>
Zach Bruggeman <mail@bruggie.com> <zbruggeman@me.com>
